{
  "synthesis_summary": {
    "hierarchical_levels": 5,
    "average_coherence": 0.437673133995159,
    "average_self_reference": 0.7259873573443613,
    "transcendence_level": 1.071766531938667,
    "emergent_properties": []
  },
  "final_synthesis": {
    "tensor": [
      [
        0.0033151801395938877,
        0.003050349772237241,
        0.0029764959939924123,
        0.00293187357427787,
        0.002801009157939761,
        0.002550535744600258,
        0.0022206720746508466,
        0.0018701801544005238
      ],
      [
        0.002939676434869697,
        0.003907341757747283,
        0.003828667555807644,
        0.0038072865365862633,
        0.0036178771898223343,
        0.003212181911303677,
        0.0027066544822853876,
        0.0022115874539053297
      ],
      [
        0.0028807840139509935,
        0.003781539808466355,
        0.004932740568363443,
        0.004983780673741355,
        0.004689909894460959,
        0.003976372608716582,
        0.00320166628949198,
        0.002529179515165493
      ],
      [
        0.00286330189643471,
        0.0037613562471890587,
        0.004955176015705648,
        0.006456475771529888,
        0.005990280657149103,
        0.004672560292351707,
        0.0035900190610934552,
        0.002759418332939947
      ],
      [
        0.0027500894228544917,
        0.003574632707857109,
        0.004647180948563237,
        0.005948415590549263,
        0.006387451945727454,
        0.004913332551765188,
        0.0037359884393297887,
        0.00284792112394437
      ],
      [
        0.0025107690052972955,
        0.003171303290212222,
        0.003926295826936132,
        0.004607325185303483,
        0.0048476215071188425,
        0.004708312002780296,
        0.0036454622864515807,
        0.002798273833095343
      ],
      [
        0.0021898499590660226,
        0.0026708073068214696,
        0.0031530670479969557,
        0.003520399108124026,
        0.0036465723498632172,
        0.0035637331190313836,
        0.0034706337591498266,
        0.002674859535269014
      ],
      [
        0.0018472726597650866,
        0.0021828979392382875,
        0.002488247961000523,
        0.0026983051898231795,
        0.002762543357458755,
        0.0026973415150178975,
        0.0025901665957029415,
        0.002556588101500057
      ]
    ],
    "coherence": 0.4022625228644343,
    "self_reference": 0.6695040090742328
  },
  "synthesis_history": [
    {
      "level": 0,
      "coherence": 0.4712982921318847,
      "self_reference": 0.9948863596528462,
      "synthesis_energy": 6.088130556390944,
      "synthesis_entropy": 22.179515211425418
    },
    {
      "level": 1,
      "coherence": 0.49618096504254805,
      "self_reference": 0.6473410464909914,
      "synthesis_energy": 2.0145699437102547,
      "synthesis_entropy": 18.59051928811864
    },
    {
      "level": 2,
      "coherence": 0.41952975908212964,
      "self_reference": 0.656878287294071,
      "synthesis_energy": 0.2887100305919371,
      "synthesis_entropy": 11.056415082495857
    },
    {
      "level": 3,
      "coherence": 0.3990941308547983,
      "self_reference": 0.6613270842096646,
      "synthesis_energy": 0.020471747534851842,
      "synthesis_entropy": 4.395630583328801
    },
    {
      "level": 4,
      "coherence": 0.4022625228644343,
      "self_reference": 0.6695040090742328,
      "synthesis_energy": 0.0008556308751439064,
      "synthesis_entropy": 1.2553936102623817
    }
  ],
  "autognosis_signature": {
    "recursive_depth": 5,
    "convergence_achieved": true,
    "cognitive_unification": false,
    "hierarchical_isomorphism": 0.9989481557227247,
    "self_application_success": 0.5967960593113577
  }
}